<?xml version="1.0" encoding="UTF-8"?>

<!-- 
	* InitialiseDatabase.xml 
	* 
	* Copyright (C) 2019 Universidad de Sevilla 
	* 
	* The use of this project is hereby constrained to the conditions of the 
	* TDG Licence, a copy of which you may download from http://www.tdg-seville.info/License.html 
-->

<beans xmlns="http://www.springframework.org/schema/beans"
	xmlns:xsi="http://www.w3.org/2001/XMLSchema-instance" xmlns:util="http://www.springframework.org/schema/util"
	xsi:schemaLocation="
    http://www.springframework.org/schema/util http://www.springframework.org/schema/util/spring-util-3.0.xsd
    http://www.springframework.org/schema/beans http://www.springframework.org/schema/beans/spring-beans.xsd">

	<!-- User accounts -->

	<bean id="userAdmin1" class="security.UserAccount">
		<property name="username" value="admin" />
		<property name="password" value="21232f297a57a5a743894a0e4a801fc3" />
		<property name="authorities">
			<list>
				<bean class="security.Authority">
					<property name="authority" value="ADMIN" />
				</bean>
			</list>
		</property>
	</bean>
	
	<!-- ADMINISTATOR -->
	
	<bean id="administrator1" class="domain.Administrator">
		<property name="name" value="Boros" />
		<property name="middleName" value="Dominator" />
		<property name="surname" value="of the Universe" />
		<property name="photo"
			value="https://vignette.wikia.nocookie.net/onepunchman/images/c/ce/Boros_color.jpg/revision/latest?cb=20151017212925" />
		<property name="email" value="boros@" />
		<property name="phoneNumber" value="+34666666666" />
		<property name="address" value="C/ Collapsing Star Roaring Cannon" />
		<property name="userAccount" ref="userAdmin1" />
	</bean>
	
	<!-- SYSTEM CONFIGURATION -->

	<bean id="systemConfiguration" class="domain.SystemConfiguration">
		<property name="systemName" value="Acme-Booking" />
		<property name="banner"	value="https://i.ibb.co/sqG7pgs/Acme-Booking.jpg" />
		<property name="countryCode" value="+034"/>
		<property name="VATTax" value="0.21"/>
		<property name="makers" value="VISA,MASTERCARD,DINNERS,AMEX"/>
		<property name="spamWords"
			value="sex,viagra,cialis,one million,you've been selected,nigeria,sexo,un millón,un millon,has sido seleccionado" />
		<property name="welcomeMessage">
			<util:map id="utilmap1" map-class="java.util.HashMap"
				key-type="java.lang.String" value-type="java.lang.String">
				<entry key="English"
					value="Welcome to Acme Booking! Welcome to a new era of room renting!" />
				<entry key="Español"
					value="¡Bienvenidos a Acme Booking! ¡Bienvenidos a una nueva era del alquiler de salas!" />
			</util:map>
		</property>
		<property name="timeResultsCached" value="1" />
		<property name="maxResults" value="10" />
	</bean>
	
	<!-- CATEGORY -->
	
	<bean id="CATEGORY" class="domain.Category">
		<property name="title">
			<util:map id="utilmap" map-class="java.util.HashMap"
				key-type="java.lang.String" value-type="java.lang.String">
				<entry key="Español" value="CATEGORIA" />
				<entry key="English" value="CATEGORY" />
			</util:map>
		</property>
		<property name="parentCategory">
			<null />
		</property>
		<property name="childCategories">
			<list>
				<ref bean="recreation" />
				<ref bean="enterprise" />
				<ref bean="study" />
				<ref bean="culture" />
			</list>
		</property>
		<property name="rooms">
			<list>
			</list>
		</property>
	</bean>

	<!-- Recreation -->
	<bean id="recreation" class="domain.Category">
		<property name="title">
			<util:map id="utilmap100" map-class="java.util.HashMap"
				key-type="java.lang.String" value-type="java.lang.String">
				<entry key="Español" value="Ocio" />
				<entry key="English" value="Recreation" />
			</util:map>
		</property>
		<property name="parentCategory">
			<ref bean="CATEGORY" />
		</property>
		<property name="childCategories">
			<list>
				<ref bean="party" />
				<ref bean="cinema" />
			</list>
		</property>
		<property name="rooms">
			<list>
			</list>
		</property>
	</bean>

	<!-- Enterprise -->
	<bean id="enterprise" class="domain.Category">
		<property name="title">
			<util:map id="utilmap2" map-class="java.util.HashMap"
				key-type="java.lang.String" value-type="java.lang.String">
				<entry key="Español" value="Empresa" />
				<entry key="English" value="Enterprise" />
			</util:map>
		</property>
		<property name="parentCategory">
			<ref bean="CATEGORY" />
		</property>
		<property name="childCategories">
			<list>
				<ref bean="conference" />
				<ref bean="coworkingE" />
				<ref bean="meetingE" />
			</list>
		</property>
		<property name="rooms">
			<list>
			</list>
		</property>
	</bean>

	<!-- Study -->
	<bean id="study" class="domain.Category">
		<property name="title">
			<util:map id="utilmap3" map-class="java.util.HashMap"
				key-type="java.lang.String" value-type="java.lang.String">
				<entry key="Español" value="Estudio" />
				<entry key="English" value="Study" />
			</util:map>
		</property>
		<property name="parentCategory">
			<ref bean="CATEGORY" />
		</property>
		<property name="childCategories">
			<list>
				<ref bean="meetingS" />
				<ref bean="coworkingS" />
				<ref bean="presentation" />
			</list>
		</property>
		<property name="rooms">
			<list>
			</list>
		</property>
	</bean>

	<!-- Culture -->
	<bean id="culture" class="domain.Category">
		<property name="title">
			<util:map id="utilmap4" map-class="java.util.HashMap"
				key-type="java.lang.String" value-type="java.lang.String">
				<entry key="Español" value="Cultura" />
				<entry key="English" value="Culture" />
			</util:map>
		</property>
		<property name="parentCategory">
			<ref bean="CATEGORY" />
		</property>
		<property name="childCategories">
			<list>
				<ref bean="projection" />
			</list>
		</property>
		<property name="rooms">
			<list>
			</list>
		</property>
	</bean>

	<!-- Party -->
	<bean id="party" class="domain.Category">
		<property name="title">
			<util:map id="utilmap5" map-class="java.util.HashMap"
				key-type="java.lang.String" value-type="java.lang.String">
				<entry key="Español" value="Fiesta" />
				<entry key="English" value="Party" />
			</util:map>
		</property>
		<property name="parentCategory">
			<ref bean="recreation" />
		</property>
		<property name="childCategories">
			<list>
			</list>
		</property>
		<property name="rooms">
			<list>
			</list>
		</property>
	</bean>

	<!-- Cinema -->
	<bean id="cinema" class="domain.Category">
		<property name="title">
			<util:map id="utilmap6" map-class="java.util.HashMap"
				key-type="java.lang.String" value-type="java.lang.String">
				<entry key="Español" value="Cine" />
				<entry key="English" value="Cinema" />
			</util:map>
		</property>
		<property name="parentCategory">
			<ref bean="recreation" />
		</property>
		<property name="childCategories">
			<list>
			</list>
		</property>
		<property name="rooms">
			<list>
			</list>
		</property>
	</bean>

	<!-- Conference -->
	<bean id="conference" class="domain.Category">
		<property name="title">
			<util:map id="utilmap7" map-class="java.util.HashMap"
				key-type="java.lang.String" value-type="java.lang.String">
				<entry key="Español" value="Conferencia" />
				<entry key="English" value="Conference" />
			</util:map>
		</property>
		<property name="parentCategory">
			<ref bean="enterprise" />
		</property>
		<property name="childCategories">
			<list>
			</list>
		</property>
		<property name="rooms">
			<list>
			</list>
		</property>
	</bean>

	<!-- Coworking enterprise -->
	<bean id="coworkingE" class="domain.Category">
		<property name="title">
			<util:map id="utilmap8" map-class="java.util.HashMap"
				key-type="java.lang.String" value-type="java.lang.String">
				<entry key="Español" value="Trabajo en equipo" />
				<entry key="English" value="Coworking" />
			</util:map>
		</property>
		<property name="parentCategory">
			<ref bean="enterprise" />
		</property>
		<property name="childCategories">
			<list>
			</list>
		</property>
		<property name="rooms">
			<list>
			</list>
		</property>
	</bean>

	<!-- Meeting enterprise -->
	<bean id="meetingE" class="domain.Category">
		<property name="title">
			<util:map id="utilmap9" map-class="java.util.HashMap"
				key-type="java.lang.String" value-type="java.lang.String">
				<entry key="Español" value="Reuniones" />
				<entry key="English" value="Meeting" />
			</util:map>
		</property>
		<property name="parentCategory">
			<ref bean="enterprise" />
		</property>
		<property name="childCategories">
			<list>
			</list>
		</property>
		<property name="rooms">
			<list>
			</list>
		</property>
	</bean>

	<!-- Coworking study -->
	<bean id="coworkingS" class="domain.Category">
		<property name="title">
			<util:map id="utilmap10" map-class="java.util.HashMap"
				key-type="java.lang.String" value-type="java.lang.String">
				<entry key="Español" value="Trabajo en equipo" />
				<entry key="English" value="Coworking" />
			</util:map>
		</property>
		<property name="parentCategory">
			<ref bean="study" />
		</property>
		<property name="childCategories">
			<list>
			</list>
		</property>
		<property name="rooms">
			<list>
			</list>
		</property>
	</bean>

	<!-- Meeting study -->
	<bean id="meetingS" class="domain.Category">
		<property name="title">
			<util:map id="utilmap11" map-class="java.util.HashMap"
				key-type="java.lang.String" value-type="java.lang.String">
				<entry key="Español" value="Reuniones" />
				<entry key="English" value="Meeting" />
			</util:map>
		</property>
		<property name="parentCategory">
			<ref bean="study" />
		</property>
		<property name="childCategories">
			<list>
			</list>
		</property>
		<property name="rooms">
			<list>
			</list>
		</property>
	</bean>

	<!-- Projection -->
	<bean id="projection" class="domain.Category">
		<property name="title">
			<util:map id="utilmap12" map-class="java.util.HashMap"
				key-type="java.lang.String" value-type="java.lang.String">
				<entry key="Español" value="Proyección" />
				<entry key="English" value="Projection" />
			</util:map>
		</property>
		<property name="parentCategory">
			<ref bean="culture" />
		</property>
		<property name="childCategories">
			<list>
			</list>
		</property>
		<property name="rooms">
			<list>
			</list>
		</property>
	</bean>

	<!-- Presentation -->
	<bean id="presentation" class="domain.Category">
		<property name="title">
			<util:map id="utilmap13" map-class="java.util.HashMap"
				key-type="java.lang.String" value-type="java.lang.String">
				<entry key="Español" value="Presentación" />
				<entry key="English" value="Presentation" />
			</util:map>
		</property>
		<property name="parentCategory">
			<ref bean="study" />
		</property>
		<property name="childCategories">
			<list>
			</list>
		</property>
		<property name="rooms">
			<list>
			</list>
		</property>
	</bean>

</beans>