<?xml version="1.0" encoding="UTF-8"?>

<!-- * PopulateDatabase.xml * * Copyright (C) 2019 Universidad de Sevilla 
	* * The use of this project is hereby constrained to the conditions of the 
	* TDG Licence, a copy of which you may download from http://www.tdg-seville.info/License.html -->

<beans xmlns="http://www.springframework.org/schema/beans"
	xmlns:xsi="http://www.w3.org/2001/XMLSchema-instance" xmlns:util="http://www.springframework.org/schema/util"
	xsi:schemaLocation="http://www.springframework.org/schema/util http://www.springframework.org/schema/util/spring-util-3.0.xsd http://www.springframework.org/schema/beans http://www.springframework.org/schema/beans/spring-beans.xsd">

	<!-- USER ACCOUNTS -->

	<!-- ADMINISTRATORS -->

	<bean id="userAdmin1" class="security.UserAccount">
		<property name="username" value="admin" />
		<property name="password" value="21232f297a57a5a743894a0e4a801fc3" />
		<property name="authorities">
			<list>
				<bean class="security.Authority">
					<property name="authority" value="ADMIN" />
				</bean>
			</list>
		</property>
		<property name="isBanned" value="false" />
	</bean>

	<bean id="userAdmin2" class="security.UserAccount">
		<property name="username" value="admin2" />
		<property name="password" value="c84258e9c39059a89ab77d846ddab909" />
		<property name="authorities">
			<list>
				<bean class="security.Authority">
					<property name="authority" value="ADMIN" />
				</bean>
			</list>
		</property>
		<property name="isBanned" value="false" />
	</bean>

	<!-- CUSTOMERS -->

	<bean id="userCustomer1" class="security.UserAccount">
		<property name="username" value="customer1" />
		<property name="password" value="ffbc4675f864e0e9aab8bdf7a0437010" />
		<property name="authorities">
			<list>
				<bean class="security.Authority">
					<property name="authority" value="CUSTOMER" />
				</bean>
			</list>
		</property>
		<property name="isBanned" value="false" />
	</bean>

	<bean id="userCustomer2" class="security.UserAccount">
		<property name="username" value="customer2" />
		<property name="password" value="5ce4d191fd14ac85a1469fb8c29b7a7b" />
		<property name="authorities">
			<list>
				<bean class="security.Authority">
					<property name="authority" value="CUSTOMER" />
				</bean>
			</list>
		</property>
		<property name="isBanned" value="false" />
	</bean>

	<bean id="userCustomer3" class="security.UserAccount">
		<property name="username" value="customer3" />
		<property name="password" value="033f7f6121501ae98285ad77f216d5e7" />
		<property name="authorities">
			<list>
				<bean class="security.Authority">
					<property name="authority" value="CUSTOMER" />
				</bean>
			</list>
		</property>
		<property name="isBanned" value="true" />
	</bean>

	<!-- OWNERS -->

	<bean id="userOwner1" class="security.UserAccount">
		<property name="username" value="owner1" />
		<property name="password" value="4ef5ba0c918c537fadba2ada54e3dd68" />
		<property name="authorities">
			<list>
				<bean class="security.Authority">
					<property name="authority" value="OWNER" />
				</bean>
			</list>
		</property>
		<property name="isBanned" value="false" />
	</bean>

	<bean id="userOwner2" class="security.UserAccount">
		<property name="username" value="owner2" />
		<property name="password" value="b1e3677cd7c6f633e6c08037583c846f" />
		<property name="authorities">
			<list>
				<bean class="security.Authority">
					<property name="authority" value="OWNER" />
				</bean>
			</list>
		</property>
		<property name="isBanned" value="false" />
	</bean>

	<bean id="userOwner3" class="security.UserAccount">
		<property name="username" value="owner3" />
		<property name="password" value="80a38342307696962140b56a785877ae" />
		<property name="authorities">
			<list>
				<bean class="security.Authority">
					<property name="authority" value="OWNER" />
				</bean>
			</list>
		</property>
		<property name="isBanned" value="false" />
	</bean>

	<bean id="userOwner4" class="security.UserAccount">
		<property name="username" value="owner4" />
		<property name="password" value="b6faad5051326390f43710c2dd66b15e" />
		<property name="authorities">
			<list>
				<bean class="security.Authority">
					<property name="authority" value="OWNER" />
				</bean>
			</list>
		</property>
		<property name="isBanned" value="true" />
	</bean>

	<!-- ACTORS -->

	<!-- ADMINISTATORS -->

	<bean id="administrator1" class="domain.Administrator">
		<property name="name" value="Boros" />
		<property name="middleName" value="Dominator" />
		<property name="surname" value="of the Universe" />
		<property name="photo"
			value="https://vignette.wikia.nocookie.net/onepunchman/images/c/ce/Boros_color.jpg/revision/latest?cb=20151017212925" />
		<property name="email" value="boros@" />
		<property name="phoneNumber" value="+34666666666" />
		<property name="address" value="C/ Collapsing Star Roaring Cannon" />
		<property name="userAccount" ref="userAdmin1" />
	</bean>

	<bean id="administrator2" class="domain.Administrator">
		<property name="name" value="Mozgus" />
		<property name="middleName" value="The Great" />
		<property name="surname" value="Angel" />
		<property name="photo"
			value="https://vignette.wikia.nocookie.net/berserk/images/0/05/Mozgus_Manga.jpg/revision/latest/scale-to-width-down/250?cb=20140416220234" />
		<property name="email" value="mozgus@" />
		<property name="phoneNumber" value="+34698652413" />
		<property name="address" value="C/ Holy See" />
		<property name="userAccount" ref="userAdmin2" />
	</bean>

	<!-- CUSTOMERS -->

	<bean id="customer1" class="domain.Customer">
		<property name="name" value="Frieza" />
		<property name="middleName" value="Agent" />
		<property name="surname" value="of Destruction" />
		<property name="photo"
			value="https://vignette.wikia.nocookie.net/dragonball/images/8/83/Frieza_DBZ_Ep_85_002v2.png/revision/latest/scale-to-width-down/278?cb=20170920193805" />
		<property name="email" value="frieza@hotmail.com" />
		<property name="phoneNumber" value="+34615243875" />
		<property name="address" value="C/ Planet Namek" />
		<property name="userAccount" ref="userCustomer1" />
		<property name="creditCard" ref="creditCard1" />
	</bean>

	<bean id="customer2" class="domain.Customer">
		<property name="name" value="Dio" />
		<property name="surname" value="Brando" />
		<property name="photo"
			value="https://vignette.wikia.nocookie.net/jjba/images/1/18/Dio3Anime.png/revision/latest/scale-to-width-down/270?cb=20170301013659" />
		<property name="email" value="dio@outlook.com" />
		<property name="phoneNumber" value="+34685742458" />
		<property name="address" value="C/ Phantom Blood" />
		<property name="userAccount" ref="userCustomer2" />
		<property name="creditCard" ref="creditCard2" />
		<property name="isSpammer" value="false" />
	</bean>

	<bean id="customer3" class="domain.Customer">
		<property name="name" value="Calliu" />
		<property name="surname" value="Pictures" />
		<property name="photo"
			value="http://2.bp.blogspot.com/-GMbk63S19wI/Ul-rdWP_YUI/AAAAAAAAW-o/byjGxrZ2GWc/s1600/caillou-xl-pictures-12.jpg" />
		<property name="email" value="calliu@outlook.com" />
		<property name="phoneNumber" value="+34688721658" />
		<property name="address" value="C/ Phantom Blood" />
		<property name="userAccount" ref="userCustomer3" />
		<property name="creditCard" ref="creditCard20" />
		<property name="isSpammer" value="true" />
	</bean>

	<!-- OWNERS -->

	<bean id="owner1" class="domain.Owner">
		<property name="name" value="King" />
		<property name="middleName" value="Bradley" />
		<property name="surname" value="Wrath" />
		<property name="photo"
			value="https://vignette.wikia.nocookie.net/fma/images/0/0b/KingBradley1080p.png/revision/latest/scale-to-width-down/310?cb=20161230194652" />
		<property name="email" value="bradley@mail.com" />
		<property name="phoneNumber" value="+34697854321" />
		<property name="address" value="C/ Amestris" />
		<property name="userAccount" ref="userOwner1" />
		<property name="isSpammer" value="false" />
	</bean>

	<bean id="owner2" class="domain.Owner">
		<property name="name" value="Meruem" />
		<property name="middleName" value="Middle" />
		<property name="surname" value="Chimera Ants' King" />
		<property name="photo"
			value="https://vignette.wikia.nocookie.net/hunterxhunter/images/7/71/91_-_Meruem%27s_cruel_nature.png/revision/latest/scale-to-width-down/250?cb=20131008123029" />
		<property name="email" value="meruem@yahoo.com" />
		<property name="phoneNumber" value="+34658974582" />
		<property name="address" value="C/ Chimera ants' nest" />
		<property name="userAccount" ref="userOwner2" />
	</bean>

	<bean id="owner3" class="domain.Owner">
		<property name="name" value="Cartoon" />
		<property name="surname" value="Man" />
		<property name="photo"
			value="http://cliparts.co/cliparts/Aib/jRa/AibjRa9zT.jpg" />
		<property name="email" value="cartoon@yahoo.com" />
		<property name="phoneNumber" value="+34T627946333" />
		<property name="address" value="C/ Cliparts, 99" />
		<property name="userAccount" ref="userOwner3" />
		<property name="isSpammer" value="true" />
	</bean>

	<bean id="owner4" class="domain.Owner">
		<property name="name" value="Barbudo" />
		<property name="surname" value="Sandalias" />
		<property name="photo"
			value="http://www.aperfectworld.org/clipart/cartoons/tourist.png" />
		<property name="email" value="bsandalias@yahoo.com" />
		<property name="phoneNumber" value="+34697421153" />
		<property name="address" value="C/ La playa, 0" />
		<property name="userAccount" ref="userOwner4" />
		<property name="isSpammer" value="true" />
	</bean>

	<!-- FINDERS -->

	<bean id="finderCustomer1" class="domain.Finder">
		<property name="results">
			<list>
			</list>
		</property>
		<property name="customer" ref="customer1" />
	</bean>

	<bean id="finderCustomer2" class="domain.Finder">
		<property name="results">
			<list>
			</list>
		</property>
		<property name="customer" ref="customer2" />
	</bean>

	<bean id="finderCustomer3" class="domain.Finder">
		<property name="results">
			<list>
			</list>
		</property>
		<property name="customer" ref="customer3" />
	</bean>
	<!-- MESSAGE -->
	<bean id="message1" class="domain.Message">
		<property name="sentMoment" value="04/19/2019 16:15" />
		<property name="subject" value="Welcome" />
		<property name="body" value="Hello budy" />
		<property name="receiver" ref="owner1" />
		<property name="sender" ref="administrator1" />
		<property name="messageBoxes">
			<list>
				<ref bean="outBoxAdmin1" />
				<ref bean="inBoxOwner1" />
			</list>
		</property>
		<property name="isSpam" value="false" />
		<property name="priority" value="HIGH" />

	</bean>
	<!-- MESSAGEBOXES -->
	<!-- ADMIN 1 -->
	<bean id="inBoxAdmin1" class="domain.MessageBox">
		<property name="name" value="In box" />
		<property name="isPredefined" value="true" />
		<property name="parentMessageBoxes">
			<null />
		</property>
		<property name="messages">
			<null />
		</property>
		<property name="owner">
			<ref bean="administrator1" />
		</property>
	</bean>

	<bean id="spamBoxAdmin1" class="domain.MessageBox">
		<property name="name" value="Spam box" />
		<property name="isPredefined" value="true" />
		<property name="parentMessageBoxes">
			<null />
		</property>
		<property name="messages">
			<null />
		</property>
		<property name="owner">

			<ref bean="administrator1" />
		</property>

	</bean>

	<bean id="outBoxAdmin1" class="domain.MessageBox">
		<property name="name" value="Out box" />
		<property name="isPredefined" value="true" />
		<property name="parentMessageBoxes">
			<null />
		</property>
		<property name="messages">
			<list>
						<ref bean="message1" />
			
			</list>
		</property>
		<property name="owner">
			<ref bean="administrator1" />
		</property>


	</bean>

	<bean id="trashBoxAdmin1" class="domain.MessageBox">
		<property name="name" value="Trash box" />
		<property name="isPredefined" value="true" />
		<property name="parentMessageBoxes">
			<null />
		</property>
		<property name="messages">
			<null />
		</property>
		<property name="owner">

			<ref bean="administrator1" />
		</property>

	</bean>

	<bean id="notificationBoxAdmin1" class="domain.MessageBox">
		<property name="name" value="Notification box" />
		<property name="isPredefined" value="true" />
		<property name="parentMessageBoxes">
			<null />
		</property>
		<property name="messages">
			<null />

		</property>
		<property name="owner">

			<ref bean="administrator1" />
		</property>

	</bean>

	<bean id="personalBoxAdmin1" class="domain.MessageBox">
		<property name="name" value="Personal box" />
		<property name="isPredefined" value="false" />
		<property name="parentMessageBoxes">
			<null />
		</property>
		<property name="messages">
			<null />

		</property>
		<property name="owner">

			<ref bean="administrator1" />
		</property>

	</bean>

	<!-- ADMIN 2 -->
	<bean id="inBoxAdmin2" class="domain.MessageBox">
		<property name="name" value="In box" />
		<property name="isPredefined" value="true" />
		<property name="parentMessageBoxes">
			<null />
		</property>
		<property name="messages">
			<null />
		</property>
		<property name="owner">
			<ref bean="administrator2" />
		</property>
	</bean>


	<bean id="spamBoxAdmin2" class="domain.MessageBox">
		<property name="name" value="Spam box" />
		<property name="isPredefined" value="true" />
		<property name="parentMessageBoxes">
			<null />
		</property>
		<property name="messages">
			<null />
		</property>
		<property name="owner">

			<ref bean="administrator2" />
		</property>

	</bean>

	<bean id="outBoxAdmin2" class="domain.MessageBox">
		<property name="name" value="Out box" />
		<property name="isPredefined" value="true" />
		<property name="parentMessageBoxes">
			<null />
		</property>
		<property name="messages">
			<null />
		</property>
		<property name="owner">
			<ref bean="administrator2" />
		</property>

	</bean>

	<bean id="trashBoxAdmin2" class="domain.MessageBox">
		<property name="name" value="Trash box" />
		<property name="isPredefined" value="true" />
		<property name="parentMessageBoxes">
			<null />
		</property>
		<property name="messages">
			<null />
		</property>
		<property name="owner">

			<ref bean="administrator2" />
		</property>
	</bean>

	<bean id="notificationBoxAdmin2" class="domain.MessageBox">
		<property name="name" value="Notification box" />
		<property name="isPredefined" value="true" />
		<property name="parentMessageBoxes">
			<null />
		</property>
		<property name="messages">
			<null />
		</property>
		<property name="owner">

			<ref bean="administrator2" />
		</property>

	</bean>

	<!-- CUSTOMER 1 -->

	<bean id="inBoxCustomer1" class="domain.MessageBox">
		<property name="name" value="In box" />
		<property name="isPredefined" value="true" />
		<property name="parentMessageBoxes">
			<null />
		</property>
		<property name="messages">
			<null />
		</property>
		<property name="owner">
			<ref bean="customer1" />
		</property>


	</bean>

	<bean id="spamBoxCustomer1" class="domain.MessageBox">
		<property name="name" value="Spam box" />
		<property name="isPredefined" value="true" />
		<property name="parentMessageBoxes">
			<null />
		</property>
		<property name="messages">
			<null />
		</property>

		<property name="owner">

			<ref bean="customer1" />
		</property>
	</bean>

	<bean id="outBoxCustomer1" class="domain.MessageBox">
		<property name="name" value="Out box" />
		<property name="isPredefined" value="true" />
		<property name="parentMessageBoxes">
			<null />
		</property>
		<property name="messages">
			<null />

		</property>
		<property name="owner">

			<ref bean="customer1" />
		</property>
	</bean>

	<bean id="trashBoxCustomer1" class="domain.MessageBox">
		<property name="name" value="Trash box" />
		<property name="isPredefined" value="true" />
		<property name="parentMessageBoxes">
			<null />
		</property>
		<property name="messages">
			<null />
		</property>
		<property name="owner">

			<ref bean="customer1" />
		</property>
	</bean>

	<bean id="notificationBoxCustomer1" class="domain.MessageBox">
		<property name="name" value="Notification box" />
		<property name="isPredefined" value="true" />
		<property name="parentMessageBoxes">
			<null />
		</property>
		<property name="messages">
			<null />

		</property>
		<property name="owner">

			<ref bean="customer1" />
		</property>
	</bean>

	<!-- CUSTOMER 2 -->

	<bean id="inBoxCustomer2" class="domain.MessageBox">
		<property name="name" value="In box" />
		<property name="isPredefined" value="true" />
		<property name="parentMessageBoxes">
			<null />
		</property>
		<property name="messages">
			<null />

		</property>
		<property name="owner">

			<ref bean="customer2" />
		</property>

	</bean>

	<bean id="spamBoxCustomer2" class="domain.MessageBox">
		<property name="name" value="Spam box" />
		<property name="isPredefined" value="true" />
		<property name="parentMessageBoxes">
			<null />
		</property>
		<property name="messages">
			<null />
		</property>
		<property name="owner">

			<ref bean="customer2" />
		</property>
	</bean>

	<bean id="outBoxCustomer2" class="domain.MessageBox">
		<property name="name" value="Out box" />
		<property name="isPredefined" value="true" />
		<property name="parentMessageBoxes">
			<null />
		</property>
		<property name="messages">
			<null />

		</property>
		<property name="owner">

			<ref bean="customer2" />
		</property>

	</bean>

	<bean id="trashBoxCustomer2" class="domain.MessageBox">
		<property name="name" value="Trash box" />
		<property name="isPredefined" value="true" />
		<property name="parentMessageBoxes">
			<null />
		</property>
		<property name="messages">
			<null />
		</property>
		<property name="owner">

			<ref bean="customer2" />
		</property>

	</bean>

	<bean id="notificationBoxCustomer2" class="domain.MessageBox">
		<property name="name" value="Notification box" />
		<property name="isPredefined" value="true" />
		<property name="parentMessageBoxes">
			<null />
		</property>
		<property name="messages">
			<null />

		</property>
		<property name="owner">

			<ref bean="customer2" />
		</property>
	</bean>

	<!-- CUSTOMER 2 -->

	<bean id="inBoxCustomer3" class="domain.MessageBox">
		<property name="name" value="In box" />
		<property name="isPredefined" value="true" />
		<property name="parentMessageBoxes">
			<null />
		</property>
		<property name="messages">
			<null />

		</property>
		<property name="owner">

			<ref bean="customer3" />
		</property>

	</bean>

	<bean id="spamBoxCustomer3" class="domain.MessageBox">
		<property name="name" value="Spam box" />
		<property name="isPredefined" value="true" />
		<property name="parentMessageBoxes">
			<null />
		</property>
		<property name="messages">
			<null />
		</property>
		<property name="owner">

			<ref bean="customer3" />
		</property>
	</bean>

	<bean id="outBoxCustomer3" class="domain.MessageBox">
		<property name="name" value="Out box" />
		<property name="isPredefined" value="true" />
		<property name="parentMessageBoxes">
			<null />
		</property>
		<property name="messages">
			<null />

		</property>
		<property name="owner">

			<ref bean="customer3" />
		</property>

	</bean>

	<bean id="trashBoxCustomer3" class="domain.MessageBox">
		<property name="name" value="Trash box" />
		<property name="isPredefined" value="true" />
		<property name="parentMessageBoxes">
			<null />
		</property>
		<property name="messages">
			<null />
		</property>
		<property name="owner">

			<ref bean="customer3" />
		</property>

	</bean>

	<bean id="notificationBoxCustomer3" class="domain.MessageBox">
		<property name="name" value="Notification box" />
		<property name="isPredefined" value="true" />
		<property name="parentMessageBoxes">
			<null />
		</property>
		<property name="messages">
			<null />

		</property>
		<property name="owner">

			<ref bean="customer3" />
		</property>
	</bean>

	<!-- OWNER 1 -->

	<bean id="inBoxOwner1" class="domain.MessageBox">
		<property name="name" value="In box" />
		<property name="isPredefined" value="true" />
		<property name="parentMessageBoxes">
			<null />
		</property>
		<property name="messages">
			<list>
						<ref bean="message1" />
			
			</list>
		</property>

		<property name="owner">

			<ref bean="owner1" />
		</property>
	</bean>

	<bean id="spamBoxOwner1" class="domain.MessageBox">
		<property name="name" value="Spam box" />
		<property name="isPredefined" value="true" />
		<property name="parentMessageBoxes">
			<null />
		</property>
		<property name="messages">
			<null />
		</property>
		<property name="owner">

			<ref bean="owner1" />
		</property>
	</bean>

	<bean id="outBoxOwner1" class="domain.MessageBox">
		<property name="name" value="Out box" />
		<property name="isPredefined" value="true" />
		<property name="parentMessageBoxes">
			<null />
		</property>
		<property name="messages">
			<null />

		</property>
		<property name="owner">

			<ref bean="owner1" />
		</property>
	</bean>

	<bean id="trashBoxOwner1" class="domain.MessageBox">
		<property name="name" value="Trash box" />
		<property name="isPredefined" value="true" />
		<property name="parentMessageBoxes">
			<null />
		</property>
		<property name="messages">
			<null />
		</property>
		<property name="owner">

			<ref bean="owner1" />
		</property>
	</bean>

	<bean id="notificationBoxOwner1" class="domain.MessageBox">
		<property name="name" value="Notification box" />
		<property name="isPredefined" value="true" />
		<property name="parentMessageBoxes">
			<null />
		</property>
		<property name="messages">
			<null />

		</property>
		<property name="owner">

			<ref bean="owner1" />
		</property>
	</bean>

	<!-- OWNER2 -->

	<bean id="inBoxOwner2" class="domain.MessageBox">
		<property name="name" value="In box" />
		<property name="isPredefined" value="true" />
		<property name="parentMessageBoxes">
			<null />
		</property>
		<property name="messages">
			<null />

		</property>
		<property name="owner">

			<ref bean="owner2" />
		</property>
	</bean>

	<bean id="spamBoxOwner2" class="domain.MessageBox">
		<property name="name" value="Spam box" />
		<property name="isPredefined" value="true" />
		<property name="parentMessageBoxes">
			<null />
		</property>
		<property name="messages">
			<null />
		</property>
		<property name="owner">

			<ref bean="owner2" />
		</property>
	</bean>

	<bean id="outBoxOwner2" class="domain.MessageBox">
		<property name="name" value="Out box" />
		<property name="isPredefined" value="true" />
		<property name="parentMessageBoxes">
			<null />
		</property>
		<property name="messages">
			<null />

		</property>
		<property name="owner">

			<ref bean="owner2" />
		</property>
	</bean>

	<bean id="trashBoxOwner2" class="domain.MessageBox">
		<property name="name" value="Trash box" />
		<property name="isPredefined" value="true" />
		<property name="parentMessageBoxes">
			<null />
		</property>
		<property name="messages">
			<null />
		</property>
		<property name="owner">

			<ref bean="owner2" />
		</property>
	</bean>

	<bean id="notificationBoxOwner2" class="domain.MessageBox">
		<property name="name" value="Notification box" />
		<property name="isPredefined" value="true" />
		<property name="parentMessageBoxes">
			<null />
		</property>
		<property name="messages">
			<null />

		</property>
		<property name="owner">

			<ref bean="owner2" />
		</property>
	</bean>

	<!-- OWNER 3 -->

	<bean id="inBoxOwner3" class="domain.MessageBox">
		<property name="name" value="In box" />
		<property name="isPredefined" value="true" />
		<property name="parentMessageBoxes">
			<null />
		</property>
		<property name="messages">
			<null />
		</property>
		<property name="owner">

			<ref bean="owner3" />
		</property>


	</bean>

	<bean id="spamBoxOwner3" class="domain.MessageBox">
		<property name="name" value="Spam box" />
		<property name="isPredefined" value="true" />
		<property name="parentMessageBoxes">
			<null />
		</property>
		<property name="messages">
			<null />
		</property>
		<property name="owner">

			<ref bean="owner3" />
		</property>

	</bean>

	<bean id="outBoxOwner3" class="domain.MessageBox">
		<property name="name" value="Out box" />
		<property name="isPredefined" value="true" />
		<property name="parentMessageBoxes">
			<null />
		</property>
		<property name="messages">
			<null />
		</property>
		<property name="owner">

			<ref bean="owner3" />
		</property>


	</bean>

	<bean id="trashBoxOwner3" class="domain.MessageBox">
		<property name="name" value="Trash box" />
		<property name="isPredefined" value="true" />
		<property name="parentMessageBoxes">
			<null />
		</property>
		<property name="messages">
			<null />
		</property>
		<property name="owner">

			<ref bean="owner3" />
		</property>

	</bean>

	<bean id="notificationBoxOwner3" class="domain.MessageBox">
		<property name="name" value="Notification box" />
		<property name="isPredefined" value="true" />
		<property name="parentMessageBoxes">
			<null />
		</property>
		<property name="messages">
			<null />

		</property>
		<property name="owner">

			<ref bean="owner3" />
		</property>

	</bean>

	<!-- OWNER 4 -->

	<bean id="inBoxOwner4" class="domain.MessageBox">
		<property name="name" value="In box" />
		<property name="isPredefined" value="true" />
		<property name="parentMessageBoxes">
			<null />
		</property>
		<property name="messages">
			<null />
		</property>
		<property name="owner">

			<ref bean="owner4" />
		</property>


	</bean>

	<bean id="spamBoxOwner4" class="domain.MessageBox">
		<property name="name" value="Spam box" />
		<property name="isPredefined" value="true" />
		<property name="parentMessageBoxes">
			<null />
		</property>
		<property name="messages">
			<null />
		</property>
		<property name="owner">

			<ref bean="owner4" />
		</property>

	</bean>

	<bean id="outBoxOwner4" class="domain.MessageBox">
		<property name="name" value="Out box" />
		<property name="isPredefined" value="true" />
		<property name="parentMessageBoxes">
			<null />
		</property>
		<property name="messages">
			<null />
		</property>
		<property name="owner">

			<ref bean="owner4" />
		</property>


	</bean>

	<bean id="trashBoxOwner4" class="domain.MessageBox">
		<property name="name" value="Trash box" />
		<property name="isPredefined" value="true" />
		<property name="parentMessageBoxes">
			<null />
		</property>
		<property name="messages">
			<null />
		</property>
		<property name="owner">

			<ref bean="owner4" />
		</property>

	</bean>

	<bean id="notificationBoxOwner4" class="domain.MessageBox">
		<property name="name" value="Notification box" />
		<property name="isPredefined" value="true" />
		<property name="parentMessageBoxes">
			<null />
		</property>
		<property name="messages">
			<null />

		</property>
		<property name="owner">

			<ref bean="owner4" />
		</property>

	</bean>


	<!-- ***** CREDITCARD ***** -->

	<bean id="creditCard1" class="domain.CreditCard">
		<property name="holder" value="Frieza" />
		<property name="make" value="VISA" />
		<property name="number" value="4764042457713154" />
		<property name="expirationMonth" value="02" />
		<property name="expirationYear" value="22" />
		<property name="CVV" value="177" />
	</bean>

	<bean id="creditCard2" class="domain.CreditCard">
		<property name="holder" value="Dio Brando" />
		<property name="make" value="MASTERCARD" />
		<property name="number" value="4544963188930071" />
		<property name="expirationMonth" value="11" />
		<property name="expirationYear" value="20" />
		<property name="CVV" value="366" />
	</bean>

	<bean id="creditCard3" class="domain.CreditCard">
		<property name="holder" value="King Bradley" />
		<property name="make" value="VISA" />
		<property name="number" value="4582276213483252" />
		<property name="expirationMonth" value="01" />
		<property name="expirationYear" value="28" />
		<property name="CVV" value="707" />
	</bean>

	<bean id="creditCard4" class="domain.CreditCard">
		<property name="holder" value="Meruem" />
		<property name="make" value="AMERICAN EXPRESS" />
		<property name="number" value="4354197982162289" />
		<property name="expirationMonth" value="02" />
		<property name="expirationYear" value="28" />
		<property name="CVV" value="479" />
	</bean>

	<bean id="creditCard5" class="domain.CreditCard">
		<property name="holder" value="Cartoon Man" />
		<property name="make" value="VISA" />
		<property name="number" value="4285589630343424" />
		<property name="expirationMonth" value="10" />
		<property name="expirationYear" value="19" />
		<property name="CVV" value="123" />
	</bean>

	<bean id="creditCard6" class="domain.CreditCard">
		<property name="holder" value="Barbudo Sandalias" />
		<property name="make" value="MASTERCARD" />
		<property name="number" value="4248139401623715" />
		<property name="expirationMonth" value="08" />
		<property name="expirationYear" value="24" />
		<property name="CVV" value="999" />
	</bean>

	<bean id="creditCard7" class="domain.CreditCard">
		<property name="holder" value="Paula Montero Galán" />
		<property name="make" value="VISA" />
		<property name="number" value="4017359522310013" />
		<property name="expirationMonth" value="09" />
		<property name="expirationYear" value="25" />
		<property name="CVV" value="525" />
	</bean>

	<bean id="creditCard8" class="domain.CreditCard">
		<property name="holder" value="Gustavos S.A." />
		<property name="make" value="AMERICAN EXPRESS" />
		<property name="number" value="4786794545649162" />
		<property name="expirationMonth" value="07" />
		<property name="expirationYear" value="27" />
		<property name="CVV" value="458" />
	</bean>

	<bean id="creditCard9" class="domain.CreditCard">
		<property name="holder" value="Google" />
		<property name="make" value="VISA" />
		<property name="number" value="4288676013366200" />
		<property name="expirationMonth" value="09" />
		<property name="expirationYear" value="25" />
		<property name="CVV" value="140" />
	</bean>

	<bean id="creditCard10" class="domain.CreditCard">
		<property name="holder" value="Pato Donald" />
		<property name="make" value="MASTERCARD" />
		<property name="number" value="4735502658425730" />
		<property name="expirationMonth" value="03" />
		<property name="expirationYear" value="20" />
		<property name="CVV" value="808" />
	</bean>

	<bean id="creditCard11" class="domain.CreditCard">
		<property name="holder" value="Sydnee Adams" />
		<property name="make" value="VISA" />
		<property name="number" value="4798111595272462" />
		<property name="expirationMonth" value="07" />
		<property name="expirationYear" value="26" />
		<property name="CVV" value="640" />
	</bean>

	<bean id="creditCard12" class="domain.CreditCard">
		<property name="holder" value="Amya Rodriguez" />
		<property name="make" value="VISA" />
		<property name="number" value="4339257829049535" />
		<property name="expirationMonth" value="04" />
		<property name="expirationYear" value="28" />
		<property name="CVV" value="546" />
	</bean>

	<bean id="creditCard13" class="domain.CreditCard">
		<property name="holder" value="Frieza" />
		<property name="make" value="VISA" />
		<property name="number" value="4764042457713154" />
		<property name="expirationMonth" value="02" />
		<property name="expirationYear" value="22" />
		<property name="CVV" value="177" />
	</bean>

	<bean id="creditCard14" class="domain.CreditCard">
		<property name="holder" value="Frieza" />
		<property name="make" value="VISA" />
		<property name="number" value="4764042457713154" />
		<property name="expirationMonth" value="02" />
		<property name="expirationYear" value="22" />
		<property name="CVV" value="177" />
	</bean>

	<bean id="creditCard15" class="domain.CreditCard">
		<property name="holder" value="Frieza" />
		<property name="make" value="VISA" />
		<property name="number" value="4764042457713154" />
		<property name="expirationMonth" value="02" />
		<property name="expirationYear" value="22" />
		<property name="CVV" value="177" />
	</bean>

	<bean id="creditCard16" class="domain.CreditCard">
		<property name="holder" value="Dio Brando" />
		<property name="make" value="MASTERCARD" />
		<property name="number" value="4544963188930071" />
		<property name="expirationMonth" value="11" />
		<property name="expirationYear" value="20" />
		<property name="CVV" value="366" />
	</bean>

	<bean id="creditCard17" class="domain.CreditCard">
		<property name="holder" value="Dio Brando" />
		<property name="make" value="MASTERCARD" />
		<property name="number" value="4544963188930071" />
		<property name="expirationMonth" value="11" />
		<property name="expirationYear" value="20" />
		<property name="CVV" value="366" />
	</bean>

	<bean id="creditCard18" class="domain.CreditCard">
		<property name="holder" value="Calliu Pictures" />
		<property name="make" value="VISA" />
		<property name="number" value="4944053599316338" />
		<property name="expirationMonth" value="06" />
		<property name="expirationYear" value="20" />
		<property name="CVV" value="128" />
	</bean>

	<bean id="creditCard19" class="domain.CreditCard">
		<property name="holder" value="Calliu Pictures" />
		<property name="make" value="VISA" />
		<property name="number" value="4944053599316338" />
		<property name="expirationMonth" value="06" />
		<property name="expirationYear" value="20" />
		<property name="CVV" value="128" />
	</bean>

	<bean id="creditCard20" class="domain.CreditCard">
		<property name="holder" value="Calliu Pictures" />
		<property name="make" value="VISA" />
		<property name="number" value="4944053599316338" />
		<property name="expirationMonth" value="06" />
		<property name="expirationYear" value="20" />
		<property name="CVV" value="128" />
	</bean>
	<!-- CATEGORIES -->

	<!-- CATEGORY -->
	<bean id="CATEGORY" class="domain.Category">
		<property name="title">
			<util:map id="utilmap" map-class="java.util.HashMap"
				key-type="java.lang.String" value-type="java.lang.String">
				<entry key="Español" value="CATEGORIA" />
				<entry key="English" value="CATEGORY" />
			</util:map>
		</property>
		<property name="parentCategory">
			<null />
		</property>
		<property name="childCategories">
			<list>
				<ref bean="recreation" />
				<ref bean="enterprise" />
				<ref bean="study" />
				<ref bean="culture" />
			</list>
		</property>
		<property name="rooms">
			<list>
				<ref bean="room2" />
			</list>
		</property>
	</bean>

	<!-- Recreation -->
	<bean id="recreation" class="domain.Category">
		<property name="title">
			<util:map id="utilmap1" map-class="java.util.HashMap"
				key-type="java.lang.String" value-type="java.lang.String">
				<entry key="Español" value="Ocio" />
				<entry key="English" value="Recreation" />
			</util:map>
		</property>
		<property name="parentCategory">
			<ref bean="CATEGORY" />
		</property>
		<property name="childCategories">
			<list>
				<ref bean="party" />
				<ref bean="cinema" />
			</list>
		</property>
		<property name="rooms">
			<list>
				<ref bean="room2" />
				<ref bean="room3" />
				<ref bean="room4" />
			</list>
		</property>
	</bean>

	<!-- Enterprise -->
	<bean id="enterprise" class="domain.Category">
		<property name="title">
			<util:map id="utilmap2" map-class="java.util.HashMap"
				key-type="java.lang.String" value-type="java.lang.String">
				<entry key="Español" value="Empresa" />
				<entry key="English" value="Enterprise" />
			</util:map>
		</property>
		<property name="parentCategory">
			<ref bean="CATEGORY" />
		</property>
		<property name="childCategories">
			<list>
				<ref bean="conference" />
				<ref bean="coworkingE" />
				<ref bean="meetingE" />
			</list>
		</property>
		<property name="rooms">
			<list>
				<ref bean="room8" />
			</list>
		</property>
	</bean>

	<!-- Study -->
	<bean id="study" class="domain.Category">
		<property name="title">
			<util:map id="utilmap3" map-class="java.util.HashMap"
				key-type="java.lang.String" value-type="java.lang.String">
				<entry key="Español" value="Estudio" />
				<entry key="English" value="Study" />
			</util:map>
		</property>
		<property name="parentCategory">
			<ref bean="CATEGORY" />
		</property>
		<property name="childCategories">
			<list>
				<ref bean="meetingS" />
				<ref bean="coworkingS" />
				<ref bean="presentation" />
			</list>
		</property>
		<property name="rooms">
			<list>
			</list>
		</property>
	</bean>

	<!-- Culture -->
	<bean id="culture" class="domain.Category">
		<property name="title">
			<util:map id="utilmap4" map-class="java.util.HashMap"
				key-type="java.lang.String" value-type="java.lang.String">
				<entry key="Español" value="Cultura" />
				<entry key="English" value="Culture" />
			</util:map>
		</property>
		<property name="parentCategory">
			<ref bean="CATEGORY" />
		</property>
		<property name="childCategories">
			<list>
				<ref bean="projection" />
			</list>
		</property>
		<property name="rooms">
			<list>
			</list>
		</property>
	</bean>

	<!-- Party -->
	<bean id="party" class="domain.Category">
		<property name="title">
			<util:map id="utilmap5" map-class="java.util.HashMap"
				key-type="java.lang.String" value-type="java.lang.String">
				<entry key="Español" value="Fiesta" />
				<entry key="English" value="Party" />
			</util:map>
		</property>
		<property name="parentCategory">
			<ref bean="recreation" />
		</property>
		<property name="childCategories">
			<list>
			</list>
		</property>
		<property name="rooms">
			<list>
				<ref bean="room5" />
			</list>
		</property>
	</bean>

	<!-- Cinema -->
	<bean id="cinema" class="domain.Category">
		<property name="title">
			<util:map id="utilmap6" map-class="java.util.HashMap"
				key-type="java.lang.String" value-type="java.lang.String">
				<entry key="Español" value="Cine" />
				<entry key="English" value="Cinema" />
			</util:map>
		</property>
		<property name="parentCategory">
			<ref bean="recreation" />
		</property>
		<property name="childCategories">
			<list>
			</list>
		</property>
		<property name="rooms">
			<list>
				<ref bean="room6" />
			</list>
		</property>
	</bean>

	<!-- Conference -->
	<bean id="conference" class="domain.Category">
		<property name="title">
			<util:map id="utilmap7" map-class="java.util.HashMap"
				key-type="java.lang.String" value-type="java.lang.String">
				<entry key="Español" value="Conferencia" />
				<entry key="English" value="Conference" />
			</util:map>
		</property>
		<property name="parentCategory">
			<ref bean="enterprise" />
		</property>
		<property name="childCategories">
			<list>
			</list>
		</property>
		<property name="rooms">
			<list>
			</list>
		</property>
	</bean>

	<!-- Coworking enterprise -->
	<bean id="coworkingE" class="domain.Category">
		<property name="title">
			<util:map id="utilmap8" map-class="java.util.HashMap"
				key-type="java.lang.String" value-type="java.lang.String">
				<entry key="Español" value="Trabajo en equipo" />
				<entry key="English" value="Coworking" />
			</util:map>
		</property>
		<property name="parentCategory">
			<ref bean="enterprise" />
		</property>
		<property name="childCategories">
			<list>
			</list>
		</property>
		<property name="rooms">
			<list>
			</list>
		</property>
	</bean>

	<!-- Meeting enterprise -->
	<bean id="meetingE" class="domain.Category">
		<property name="title">
			<util:map id="utilmap9" map-class="java.util.HashMap"
				key-type="java.lang.String" value-type="java.lang.String">
				<entry key="Español" value="Reuniones" />
				<entry key="English" value="Meeting" />
			</util:map>
		</property>
		<property name="parentCategory">
			<ref bean="enterprise" />
		</property>
		<property name="childCategories">
			<list>
			</list>
		</property>
		<property name="rooms">
			<list>
				<ref bean="room2" />
			</list>
		</property>
	</bean>

	<!-- Coworking study -->
	<bean id="coworkingS" class="domain.Category">
		<property name="title">
			<util:map id="utilmap10" map-class="java.util.HashMap"
				key-type="java.lang.String" value-type="java.lang.String">
				<entry key="Español" value="Trabajo en equipo" />
				<entry key="English" value="Coworking" />
			</util:map>
		</property>
		<property name="parentCategory">
			<ref bean="study" />
		</property>
		<property name="childCategories">
			<list>
			</list>
		</property>
		<property name="rooms">
			<list>
			</list>
		</property>
	</bean>

	<!-- Meeting study -->
	<bean id="meetingS" class="domain.Category">
		<property name="title">
			<util:map id="utilmap11" map-class="java.util.HashMap"
				key-type="java.lang.String" value-type="java.lang.String">
				<entry key="Español" value="Reuniones" />
				<entry key="English" value="Meeting" />
			</util:map>
		</property>
		<property name="parentCategory">
			<ref bean="study" />
		</property>
		<property name="childCategories">
			<list>
			</list>
		</property>
		<property name="rooms">
			<list>
			</list>
		</property>
	</bean>

	<!-- Projection -->
	<bean id="projection" class="domain.Category">
		<property name="title">
			<util:map id="utilmap12" map-class="java.util.HashMap"
				key-type="java.lang.String" value-type="java.lang.String">
				<entry key="Español" value="Proyección" />
				<entry key="English" value="Projection" />
			</util:map>
		</property>
		<property name="parentCategory">
			<ref bean="culture" />
		</property>
		<property name="childCategories">
			<list>
			</list>
		</property>
		<property name="rooms">
			<list>
				<ref bean="room10" />
				<ref bean="room11" />
			</list>
		</property>
	</bean>

	<!-- Presentation -->
	<bean id="presentation" class="domain.Category">
		<property name="title">
			<util:map id="utilmap13" map-class="java.util.HashMap"
				key-type="java.lang.String" value-type="java.lang.String">
				<entry key="Español" value="Presentación" />
				<entry key="English" value="Presentation" />
			</util:map>
		</property>
		<property name="parentCategory">
			<ref bean="study" />
		</property>
		<property name="childCategories">
			<list>
			</list>
		</property>
		<property name="rooms">
			<list>
				<ref bean="room1" />
				<ref bean="room7" />
				<ref bean="room9" />
			</list>
		</property>
	</bean>

	<!-- MEETING ROOMS -->

	<bean id="room1" class="domain.Room">
		<property name="title" value="Presentaciones de estudiantes" />
		<property name="status" value="ACTIVE" />
		<property name="ticker" value="MMMAAA-5D8D46" />
		<property name="description"
			value="Esta es la mejor sala que encontrarás para presentar tu trabajo de tfg" />
		<property name="openingHour" value="08:30" />
		<property name="closingHour" value="22:00" />
		<property name="scheduleDetails"
			value="Las llaves se recojen en consejería y se entregan en el buzón de la sala" />
		<property name="address" value="C/ En un país multicolor" />
		<property name="proveOfOwnership" value="http://registrodepropescaneado.com" />
		<property name="pricePerHour" value="22" />
		<property name="capacity" value="30" />
		<property name="categories">
			<list>
				<ref bean="presentation" />
			</list>
		</property>
		<property name="owner" ref="owner1" />
		<property name="administrator" ref="administrator1" />
	</bean>

	<bean id="room2" class="domain.Room">
		<property name="title" value="Reuniones" />
		<property name="status" value="DRAFT" />
		<property name="ticker" value="MMMAAA-5D8D46" />
		<property name="description"
			value="Sala de reuniones pero que como solo puedo elegir una categoría tengo que elegir si quiero que salga en enterprise->meeting o study->meeting" />
		<property name="openingHour" value="06:30" />
		<property name="closingHour" value="17:45" />
		<property name="scheduleDetails"
			value="Para ampliar el horario, contacte por email o teléfono" />
		<property name="address" value="C/ Nació una abeja bajo el sol" />
		<property name="proveOfOwnership" value="http://urlcondocweno.com" />
		<property name="pricePerHour" value="40" />
		<property name="capacity" value="124" />
		<property name="photos"
			value="https://cdn.pixabay.com/photo/2015/12/01/20/28/road-1072823__340.jpg,https://image.freepik.com/foto-gratis/hojas-tropicales-flores-colores-follaje-oscuro-fondo-naturaleza-follaje-verde-oscuro_34998-128.jpg" />
		<property name="categories">
			<list>
				<ref bean="meetingE" />
				<ref bean="recreation" />
				<ref bean="CATEGORY" />
			</list>
		</property>
		<property name="owner" ref="owner1" />
	</bean>

	<bean id="room3" class="domain.Room">
		<property name="title" value="No se aceptará" />
		<property name="status" value="REVISION-PENDING" />
		<property name="ticker" value="MMMAAA-5D8D46" />
		<property name="description"
			value="En verda no es una sala y en verda no es mía, pero si cuela cuela" />
		<property name="openingHour" value="00:00" />
		<property name="closingHour" value="00:00" />
		<property name="scheduleDetails" value="Abierta 24/7 los 365 del año" />
		<property name="address" value="C/ Mejor no lo digo" />
		<property name="proveOfOwnership" value="http://secreto.com" />
		<property name="pricePerHour" value="500" />
		<property name="capacity" value="10" />
		<property name="categories">
			<list>
				<ref bean="recreation" />
			</list>
		</property>
		<property name="owner" ref="owner2" />
	</bean>

	<bean id="room4" class="domain.Room">
		<property name="title" value="Descatalogada :(" />
		<property name="status" value="OUT-OF-SERVICE" />
		<property name="ticker" value="MMMAAA-8DS75A" />
		<property name="description"
			value="Unos okupas vieron la sala en la web y ahí siguen" />
		<property name="openingHour" value="00:00" />
		<property name="closingHour" value="00:00" />
		<property name="scheduleDetails" value="Abierta 24/7 los 365 del año (okupas y tal)" />
		<property name="address" value="C/ Mejor no lo digo" />
		<property name="proveOfOwnership" value="http://secreto.com" />
		<property name="pricePerHour" value="0" />
		<property name="capacity" value="100" />
		<property name="categories">
			<list>
				<ref bean="recreation" />
			</list>
		</property>
		<property name="owner" ref="owner2" />
		<property name="administrator" ref="administrator1" />
	</bean>

	<bean id="room5" class="domain.Room">
		<property name="title" value="Test Draft" />
		<property name="status" value="DRAFT" />
		<property name="ticker" value="MMMAAA-96AUY3" />
		<property name="description" value="Sala para el owner 2 en modo draft" />
		<property name="openingHour" value="10:00" />
		<property name="closingHour" value="18:25" />
		<property name="scheduleDetails" value="Abierta L-X" />
		<property name="address" value="C/ Mi calle" />
		<property name="proveOfOwnership" value="http://secreto.com" />
		<property name="pricePerHour" value="26" />
		<property name="capacity" value="12" />
		<property name="categories">
			<list>
				<ref bean="party" />
			</list>
		</property>
		<property name="owner" ref="owner2" />
	</bean>

	<bean id="room6" class="domain.Room">
		<property name="title" value="Test Rejected" />
		<property name="status" value="REJECTED" />
		<property name="ticker" value="MMMAAA-732LLI" />
		<property name="description" value="Sala para el owner 1 rechazada" />
		<property name="openingHour" value="10:00" />
		<property name="closingHour" value="18:25" />
		<property name="scheduleDetails" value="Abierta L-V" />
		<property name="address" value="C/ La calle" />
		<property name="proveOfOwnership" value="http://secreto.com" />
		<property name="pricePerHour" value="10" />
		<property name="capacity" value="5" />
		<property name="categories">
			<list>
				<ref bean="cinema" />
			</list>
		</property>
		<property name="owner" ref="owner1" />
		<property name="administrator" ref="administrator1" />
	</bean>

	<bean id="room7" class="domain.Room">
		<property name="title" value="Pending de testeo reject" />
		<property name="status" value="REVISION-PENDING" />
		<property name="ticker" value="MMMAAA-37LY9H" />
		<property name="description" value="Sala para el testeo de assign y demases" />
		<property name="openingHour" value="09:00" />
		<property name="closingHour" value="20:00" />
		<property name="scheduleDetails" value="24/7" />
		<property name="address" value="C/ Reina Mercedes s/n" />
		<property name="proveOfOwnership" value="http://secreto.com" />
		<property name="pricePerHour" value="30" />
		<property name="capacity" value="10" />
		<property name="categories">
			<list>
				<ref bean="presentation" />
			</list>
		</property>
		<property name="owner" ref="owner1" />
		<property name="administrator" ref="administrator1" />
	</bean>

	<bean id="room8" class="domain.Room">
		<property name="title" value="Pending de testeo accept" />
		<property name="status" value="REVISION-PENDING" />
		<property name="ticker" value="MMMAAA-9lINM4" />
		<property name="description"
			value="Hacen falta dos salas para testear bien el accept/reject" />
		<property name="openingHour" value="14:00" />
		<property name="closingHour" value="14:14" />
		<property name="scheduleDetails" value="Lunes de semanas pares" />
		<property name="address" value="La cartuja" />
		<property name="proveOfOwnership" value="http://secreto.com" />
		<property name="pricePerHour" value="1500" />
		<property name="capacity" value="800" />
		<property name="categories">
			<list>
				<ref bean="enterprise" />
			</list>
		</property>
		<property name="owner" ref="owner1" />
	</bean>

	<bean id="room9" class="domain.Room">
		<property name="title" value="Proyecciones de estudiantes" />
		<property name="status" value="ACTIVE" />
		<property name="ticker" value="MMMAAA-5D9D46" />
		<property name="description"
			value="Esta es la mejor sala que encontrarás para proyectar cosas" />
		<property name="openingHour" value="08:30" />
		<property name="closingHour" value="22:00" />
		<property name="scheduleDetails"
			value="Las llaves se recojen en consejería y se entregan en el buzón de la sala" />
		<property name="address" value="C/ Puño en Rostro" />
		<property name="proveOfOwnership" value="http://registrodepropescaneado.com" />
		<property name="pricePerHour" value="20" />
		<property name="capacity" value="30" />
		<property name="categories">
			<list>
				<ref bean="presentation" />
			</list>
		</property>
		<property name="owner" ref="owner2" />
		<property name="administrator" ref="administrator1" />
	</bean>
	
	<bean id="room10" class="domain.Room">
		<property name="title" value="Pending de testeo accept" />
		<property name="status" value="REVISION-PENDING" />
		<property name="ticker" value="MMMAAA-964NP4" />
		<property name="description"
			value="Hacen falta salas para testear bien el accept/reject" />
		<property name="openingHour" value="14:00" />
		<property name="closingHour" value="14:14" />
		<property name="scheduleDetails" value="Lunes de semanas pares" />
		<property name="address" value="La cartuja" />
		<property name="proveOfOwnership" value="http://secreto.com" />
		<property name="pricePerHour" value="1500" />
		<property name="capacity" value="800" />
		<property name="categories">
			<list>
				<ref bean="projection" />
			</list>
		</property>
		<property name="owner" ref="owner1" />
	</bean>
	
	<bean id="room11" class="domain.Room">
		<property name="title" value="Pending de testeo accept" />
		<property name="status" value="REVISION-PENDING" />
		<property name="ticker" value="MMMAAA-A6IYT2" />
		<property name="description"
			value="Hacen falta 1020510 salas para testear bien el accept/reject" />
		<property name="openingHour" value="14:00" />
		<property name="closingHour" value="14:14" />
		<property name="scheduleDetails" value="Lunes de semanas pares" />
		<property name="address" value="La cartuja" />
		<property name="proveOfOwnership" value="http://secreto.com" />
		<property name="pricePerHour" value="1500" />
		<property name="capacity" value="800" />
		<property name="categories">
			<list>
				<ref bean="projection" />
			</list>
		</property>
		<property name="owner" ref="owner1" />
	</bean>
	<!-- SERVICE -->

	<bean id="service1" class="domain.Service">
		<property name="name" value="Limpieza" />
		<property name="description"
			value="Así os ahorrais tener que limpiar la sala al terminar la presentación ;)" />
		<property name="price" value="10" />
		<property name="room" ref="room1" />
	</bean>

	<bean id="service2" class="domain.Service">
		<property name="name" value="Catering básico" />
		<property name="description"
			value="Sacan unos aperitivos y un refresco para cada asistente" />
		<property name="price" value="200" />
		<property name="room" ref="room2" />
	</bean>

	<bean id="service3" class="domain.Service">
		<property name="name" value="Catering weno" />
		<property name="description"
			value="Sacan unos aparitivos, unos sanwiches de jamón y DOS refrescos para cada asistente" />
		<property name="price" value="300" />
		<property name="room" ref="room1" />
	</bean>

	<bean id="service4" class="domain.Service">
		<property name="name" value="Madre mía" />
		<property name="description"
			value="Me hace falta un servicio para alguna sala del owner 2" />
		<property name="price" value="10" />
		<property name="room" ref="room3" />
	</bean>

	<bean id="service5" class="domain.Service">
		<property name="name" value="Limpieza" />
		<property name="description"
			value="Así os ahorrais tener que limpiar la sala al terminar la presentación ;)" />
		<property name="price" value="10" />
		<property name="room" ref="room4" />
	</bean>
	
	<bean id="service6" class="domain.Service">
		<property name="name" value="Chocolatinas" />
		<property name="description" value="De las buenas, mars y twix" />
		<property name="price" value="20" />
		<property name="room" ref="room5" />
	</bean>

	<bean id="service7" class="domain.Service">
		<property name="name" value="Cantante" />
		<property name="description"
			value="Para animar un poco la fiesta" />
		<property name="price" value="120.00" />
		<property name="room" ref="room9" />
	</bean>

	<bean id="service8" class="domain.Service">
		<property name="name" value="Limpieza con paño seco" />
		<property name="description"
			value="Así os ahorrais tener que limpiar la sala" />
		<property name="price" value="50.50" />
		<property name="room" ref="room8" />
	</bean>

	<!-- BOOKING -->
	<bean id="booking1" class="domain.Booking">
		<property name="title" value="Estudiar" />
		<property name="bookingReason" value="Para un grupo de estudio para las finales" />
		<property name="status" value="ACCEPTED" />
		<property name="expectedAttendance" value="10" />
		<property name="duration" value="1" />
		<property name="reservationPrice" value="32.0" />
		<property name="requestedMoment" value="04/19/2019 16:15" />
		<property name="reservationDate" value="09/01/2019 16:15" />
		<property name="customer" ref="customer1" />
		<property name="room" ref="room1" />
		<property name="services">
			<list>
				<ref bean="service1" />
			</list>
		</property>
	</bean>
	<bean id="booking2" class="domain.Booking">
		<property name="title" value="Estudiar" />
		<property name="bookingReason" value="Para un examen" />
		<property name="rejectionReason" value="La sala no estará disponible para ese día" />
		<property name="status" value="REJECTED" />
		<property name="expectedAttendance" value="2" />
		<property name="duration" value="1" />
		<property name="reservationPrice" value="32.0" />
		<property name="requestedMoment" value="08/19/2019 16:15" />
		<property name="reservationDate" value="09/02/2019 16:15" />
		<property name="customer" ref="customer1" />
		<property name="room" ref="room1" />
		<property name="services">
			<list>
				<ref bean="service1" />
			</list>
		</property>
	</bean>
	<bean id="booking3" class="domain.Booking">
		<property name="title" value="Trabajo universitario" />
		<property name="bookingReason" value="Para hacer DP" />
		<property name="status" value="PENDING" />
		<property name="expectedAttendance" value="11" />
		<property name="duration" value="2" />
		<property name="reservationPrice" value="54.0" />
		<property name="requestedMoment" value="08/20/2019 16:15" />
		<property name="reservationDate" value="09/03/2019 16:15" />
		<property name="customer" ref="customer2" />
		<property name="room" ref="room1" />
		<property name="services">
			<list>
				<ref bean="service1" />
			</list>
		</property>
	</bean>

	<bean id="booking4" class="domain.Booking">
		<property name="title" value="Trabajo de carrera" />
		<property name="bookingReason" value="Por que quiero estudiar" />
		<property name="status" value="PENDING" />
		<property name="expectedAttendance" value="5" />
		<property name="duration" value="3" />
		<property name="reservationPrice" value="40.0" />
		<property name="requestedMoment" value="08/22/2019 16:15" />
		<property name="reservationDate" value="09/05/2019 16:15" />
		<property name="customer" ref="customer2" />
		<property name="room" ref="room4" />
		<property name="services">
			<list>
			</list>
		</property>
	</bean>

	<bean id="booking5" class="domain.Booking">
		<property name="title" value="Testeo" />
		<property name="bookingReason" value="Para el delete rooms" />
		<property name="status" value="ACCEPTED" />
		<property name="expectedAttendance" value="15" />
		<property name="duration" value="2" />
		<property name="reservationPrice" value="20.0" />
		<property name="requestedMoment" value="07/22/2019 16:15" />
		<property name="reservationDate" value="08/04/2019 16:15" />
		<property name="customer" ref="customer2" />
		<property name="room" ref="room1" />
		<property name="services">
			<list>
			</list>
		</property>
	</bean>
	<!-- SYSTEM CONFIGURATION -->

	<bean id="systemConfiguration" class="domain.SystemConfiguration">
		<property name="systemName" value="Acme-Booking" />
		<property name="banner"
			value="https://i.ibb.co/sqG7pgs/Acme-Booking.jpg" />
		<property name="countryCode" value="+034" />
		<property name="VATTax" value="0.21" />
		<property name="makers" value="VISA,MASTERCARD,DINNERS,AMEX" />
		<property name="spamWords"
			value="sex,viagra,cialis,one million,you've been selected,nigeria,sexo,un millón,un millon,has sido seleccionado" />
		<property name="welcomeMessage">
			<util:map id="utilmap14" map-class="java.util.HashMap"
				key-type="java.lang.String" value-type="java.lang.String">
				<entry key="English"
					value="Welcome to Acme Booking! Welcome to a new era of room renting!" />
				<entry key="Español"
					value="¡Bienvenidos a Acme Booking! ¡Bienvenidos a una nueva era del alquiler de salas!" />
			</util:map>
		</property>
		<property name="timeResultsCached" value="5" />
		<property name="maxResults" value="10" />
	</bean>

</beans>